<lsf>

    <initials>
      <reference length="2" />
      <!-- axis length; "0" means no axis displayed -->
      <root id="root" />
      <!-- identifier of root node of the scene graph; this node -->
      <!-- must be defined in one of the following NODE declarations -->
    </initials>

    <views default="main_camera">

      <!-- at least one of the following type of cameras must be declared -->

      <perspective id="main_camera" near="0.1" far="500" angle="45">

        <from x="20" y="10" z="20" />

        <to x="0" y="-2" z="0" />

      </perspective>

      <ortho id="Ortho_TopView" near="-1" far="10" left="-30" right="20" top="20" bottom="-10">
        <from x="2.5" y="5" z="5" />
        <to x="2.5" y="0" z="5" />
        <up x="0" y="1" z="1" />
    </ortho>

    <ortho id="Ortho_Amplifications" near="-1" far="10" left="-2" right="2" top="2" bottom="-1">
      <from x="11" y="2" z="5" />
      <to x="11" y="2" z="0" />
      <up x="0" y="1" z="0" />
  </ortho>


  <perspective id="texture_inheritance_camera" near="0.1" far="500" angle="45">

    <from x="3" y="2" z="3" />

    <to x="0" y="0" z="0" />

  </perspective>

    </views>


    <illumination>
      <ambient r="0.2" g="0.2" b="0.2" a="1.0" /> <!-- global ambient -->
      <background r="0.55" g="0.17" b="0.1" a="1.0" /> <!-- background color -->
    </illumination>


    <lights>
      <!-- NOTE: this block "light" must be repeated as necessary with different "id". At least one light should be present, and a maximum of eight lights is accepted. -->

       <light id="main_light">            <!-- light identifier -->
          <enable value="1" />
          <!-- enable/disable -->
          <position x="10" y="12" z="9.5" w="1.0" /><!-- light position; w=1: point light; w=0: directional light -->
          <ambient r="0" g="0" b="0" a="1.0" />                   <!-- ambient component -->
          <diffuse r="1.0" g="1.0" b="1.0" a="1.0" />             <!-- diffuse component -->
          <specular r="1.0" g="1.0" b="1.0" a="1.0" />            <!-- specular component -->
      </light>

      <light id="red_light">            <!-- light identifier -->
        <enable value="1" />
        <!-- enable/disable -->
        <position x="5" y="5" z="5" w="1.0" /><!-- light position; w=1: point light; w=0: directional light -->
        <ambient r="0.0" g="0" b="0" a="1.0" />                   <!-- ambient component -->
        <diffuse r="1.0" g="0.0" b="0.0" a="1.0" />             <!-- diffuse component -->
        <specular r="1.0" g="0.0" b="0.0" a="0.0" />            <!-- specular component -->
      </light>
    </lights>


    <textures>
      <!-- NOTE: this block "TEXTURE" must be repeated as necessary with different "id" -->

      <texture id="erva_texture" path="./scenes/images/erva.jpeg" />
      <texture id="water_texture" path="./scenes/images/water_texture.jpg" />
      <texture id="madeira_texture" path="./scenes/images/madeira_texture.jpg" />
      <texture id="toalha_texture" path="./scenes/images/toalha_texture.jpg" />
      <texture id="paredes_texture" path="./scenes/images/bank.jpg" />
      <texture id="metal_texture" path="./scenes/images/metal_texture.png" />
      <texture id="bola_texture" path="./scenes/images/bola_texture.jpg"/>
      <texture id="flag" path="./scenes/images/uporto.png"/>
      <texture id="espreguicadeira_texture" path="./scenes/images/padrao.jpg"/>
      <texture id="vidral" path="./scenes/images/vidral.jpg"/>
    </textures>

    <spritesheets>
      
      <spritesheet id="fire" path="./scenes/images/fire.png" sizeM="5" sizeN="2" />
    </spritesheets>




    <materials>
      <!-- NOTE: the "MATERIAL" block may be repeated as required. Each defined material

          requires a distinct "id". At least one material should be present. -->
      <material id="alpha_material">
        <shininess value="0.5" />
        <ambient r="0.2" g="0.2" b="0.2" a="1.0" />
        <diffuse r="0.6" g="0.6" b="0.6" a="1.0" />
        <specular r="0.6" g="0.6" b="0.6" a="1.0" />
        <emissive r="0.0" g="0.0" b="0.0" a="1.0" />
      </material>

      <material id="shiny_material">
        <shininess value="0.8" />
        <ambient r="0.2" g="0.2" b="0.2" a="1.0" />
        <diffuse r="0.6" g="0.6" b="0.6" a="1.0" />
        <specular r="0.6" g="0.6" b="0.6" a="1.0" />
        <emissive r="0.0" g="0.0" b="0.0" a="1.0" />
      </material>

      <material id="not_shiny_material">
        <shininess value="0.2" />
        <ambient r="0.2" g="0.2" b="0.2" a="1.0" />
        <diffuse r="0.6" g="0.6" b="0.6" a="1.0" />
        <specular r="0.6" g="0.6" b="0.6" a="1.0" />
        <emissive r="0.0" g="0.0" b="0.0" a="1.0" />
      </material>

      <material id="red_material">
        <shininess value="0.5" />
        <ambient r="0.2" g="0.0" b="0.0" a="1.0" />
        <diffuse r="0.6" g="0.0" b="0.0" a="1.0" />
        <specular r="0.6" g="0.0" b="0.0" a="1.0" />
        <emissive r="0.0" g="0.0" b="0.0" a="1.0" />
      </material>
    </materials>


<animations>
  <animation id="test">
    
    <keyframe instant="5">

  
      <translation x="0" y="0" z="0" />
  
      <rotation axis="x" angle="0" />
      <rotation axis="y" angle="0" />
      <rotation axis="z" angle="0" />
  
      <scale sx="1" sy="1" sz="1" />
  
    </keyframe>

    <keyframe instant="10">

  
      <translation x="0" y="5" z="0" />
    
               <rotation axis="x" angle="0" />
    
               <rotation axis="y" angle="360" />
    
               <rotation axis="z" angle="0" />
    
      <scale sx="1.2" sy="1.2" sz="1.2" />
    
      </keyframe>

      <keyframe instant="20">

  
        <translation x="0" y="0" z="0" />
      
                 <rotation axis="x" angle="0" />
      
                 <rotation axis="y" angle="0" />
      
                 <rotation axis="z" angle="0" />
      
        <scale sx="1" sy="1" sz="1" />
      
        </keyframe>
  
  </animation>
  
</animations>

    <nodes>

      <node id="root">
        <!-- defines one intermediate node; may be repeated as necessary -->

        <!-- next two lines are mandatory -->
        <material id="alpha_material" />
        <!-- this superimposes the material received from parent node id="null" maintains material from parent node -->


        <texture id="clear">
          <!-- declared texture superimposes the texture received from parent node
            id="null" maintains texture from parent node
            id="clear" clears texture declaration received from parent node -->


          <amplification afs="1.0" aft="1.0" /> <!-- for primitives = dx/afs, dy/aft -->

        </texture>

        <transformations>
        </transformations>

        <!-- geom. transf. are optional and may be repeated, in any order, as necessary: -->

        <!-- declaring descendants, at least one node or one leaf must be present
        descendants may be mixed, nodes and leafs -->
        <descendants>

          <noderef id="caixa_cena" />
          <noderef id="cadeira" /> <!-- "ss" is the identifier of a node or of leaf; -->
          <!-- may be repeated as necessary. It can refer an -->
          <!-- identifier of another node, before or later defined in the file. -->

          <noderef id="toalha" />

          <noderef id="piscina" />

          <noderef id="chuveiro" />

          <noderef id="bandeira1" />

          <noderef id="bandeira2" />

          <noderef id="cadeira_mat" />
          <noderef id="barril"/>
          <noderef id="espreguicadeira"/>
          <!-- <leaf type="plane" npartsU="5" npartsV="8"/> -->
         


          <!-- <leaf type="triangle" x1="0.0" y1="0" x2="0.0" y2="4.0" x3="4.0" y3="0.0" />
 -->
        </descendants>

      </node>

      <node id="espreguicadeira">
        <material id="not_shiny_material"/>
        <texture id="espreguicadeira_texture">
          <amplification afs="1.0" aft="1.0"/>
        </texture>
        <transformations>
          <translation x="2" y="0" z="13"/>
          <rotation axis="x" angle="-90" />
          
        </transformations>
        <descendants>
          <leaf type="patch" npointsU="4" npointsV="2" npartsU="10" npartsV="10">
            <controlpoint x="-1" y="0" z="2"/>
            <controlpoint x="-1" y="1" z="2"/>

            <controlpoint x="0" y="0" z="-0.75"/>
            <controlpoint x="0" y="1" z="-0.75"/>

            <controlpoint x="1" y="0" z="1"/>
            <controlpoint x="1" y="1" z="1"/>

            <controlpoint x="2" y="0" z="0"/>
            <controlpoint x="2" y="1" z="0"/>

          </leaf>
        </descendants>

      </node>


      <node id="barril">
        <material id="not_shiny_material"/>
        <texture id="madeira_texture">
          <amplification afs="1.0" aft="1.0"/>
        </texture>
        <transformations>
          <translation x="3" y="0" z="11"/>
          <rotation axis="x" angle="-90" />
          <rotation axis="z" angle="-90" />
        </transformations>
        <descendants>
          <noderef id="tampa"/>
          <leaf type="defbarrel" base="1.0" middle="1.5" height="1.0" slices="10" stacks="10"/>
        </descendants>

      </node>

      <node id="tampa">
        <material id="shiny_material"/>
        <texture id="vidral">
          <amplification afs="1.0" aft="1.0"/>
        </texture>
        <transformations>
          <translation x="0" y="0" z="1"/>

        </transformations>
        <descendants>
          <leaf type="plane" npartsU="2" npartsV="2"/>
        </descendants>

      </node>

      <node id="toalha">
        <material id="not_shiny_material" />
        <texture id="toalha_texture">
          <amplification afs="1.0" aft="1.0" />
        </texture>
        <transformations>
          <translation x="7.75" y="0.1" z="3.0" />
          <rotation axis="x" angle="-90" />
        </transformations>
        <descendants>
          
          <leaf type="rectangle" x1="0" y1="0" x2="4.0" y2="2.0" />
          
        </descendants>
      </node>

      <node id="bandeira1">
        <material id="not_shiny_material" />
        <texture id="clear">
          <amplification afs="1.0" aft="1.0" />
        </texture>
        <transformations>
          <translation x="11.5" y="0" z="4.0" />

        </transformations>
        <descendants>
          <noderef id="bandeira_pano1" />
          <noderef id="bandeira_sup" />
          <leaf type="spritetext" text="LAIG 2020" />

        </descendants>
      </node>

      <node id="bandeira2">
        <material id="not_shiny_material" />
        <texture id="clear">
          <amplification afs="1.0" aft="1.0" />
        </texture>
        <transformations>
          <translation x="9.5" y="0" z="4" />

        </transformations>
        <descendants>
          <noderef id="bandeira_pano2" />
         <noderef id="bandeira_sup" />
         
        </descendants>
      </node>

      <node id="bandeira_sup">
        <material id="not_shiny_material" />
        <texture id="null">
          <amplification afs="1.0" aft="1.0" />
        </texture>
        <transformations>

          <rotation axis="x" angle="-90" />
        </transformations>
        <descendants>
          <leaf type="cylinder" height="2.0" topRadius="0.1" bottomRadius="0.1" stacks="5" slices="10" />
        </descendants>
      </node>


      <node id="bandeira_pano1">
        <material id="null" />
        <texture id="flag">
          <amplification afs="0.5" aft="0.5" />
        </texture>
        <transformations>
          <translation x="0" y="2" z="0" />
        </transformations>
        <descendants>
          <leaf type="triangle" x1="0.0" y1="0" x2="0.0" y2="1.0" x3="1.0" y3="0.0" />
        </descendants>
      </node>

      <node id="bandeira_pano2">
        <material id="null" />
        <texture id="flag">
          <amplification afs="0.2" aft="0.2" />
        </texture>
        <transformations>
          <translation x="0" y="2" z="0" />
        </transformations>
        <descendants>
          <leaf type="triangle" x1="0.0" y1="0" x2="0.0" y2="1.0" x3="1.0" y3="0.0" />
        </descendants>
      </node>



      <!--********
      ************
      ************
      CADEIRA
      *************
      **********-->

      <node id="cadeira_mat">
        <material id="null" />
        <texture id="clear">
          <amplification afs="1.0" aft="1.0" />
        </texture>
        <transformations>
          <translation x="5.0" y="0" z="2.0" />
          <rotation axis="y" angle="90" />
        </transformations>
        <descendants>
          <noderef id="pernas" />
          <noderef id="assento" />
          <noderef id="encosto" />
        </descendants>
      </node>

      <node id="cadeira">
        <material id="not_shiny_material" />
        <texture id="clear">
          <amplification afs="1.0" aft="1.0" />
        </texture>
        <transformations>
          <translation x="1.0" y="0" z="2.0" />
          <rotation axis="y" angle="90" />
        </transformations>
        <animationref id="test" />
        <descendants>
          <noderef id="pernas" />
          <noderef id="assento" />
          <noderef id="encosto" />
         
          
        </descendants>
      </node>


      <node id="assento">
        <material id="null" />
        <texture id="null">
          <amplification afs="1.0" aft="1.0" />
        </texture>
        <transformations>
          <translation x="0" y="1.001" z="1" />
          <rotation axis="x" angle="-90.0" />
        </transformations>
        <descendants>
          <leaf type="rectangle" x1="0" y1="0" x2="1.0" y2="1.0" />
        </descendants>
      </node>


      <node id="encosto">
        <material id="null" />
        <texture id="null">
          <amplification afs="1.0" aft="1.0" />
        </texture>
        <transformations>
          <translation x="0" y="1.0" z="0" />
        </transformations>
        <descendants>
          <leaf type="rectangle" x1="0" y1="0" x2="1.0" y2="1.0" />
        </descendants>
      </node>

      <node id="pernas">
        <material id="null" />
        <texture id="null">
          <amplification afs="1.0" aft="1.0" />
        </texture>
        <transformations>
          <translation x="0.2" y="1" z="0.2"/>
          <scale sx="0.5" sy="1" sz="0.5"/>
          <rotation axis="x" angle="90.0" />

        </transformations>
        <descendants>
          <noderef id="perna1" />
          <noderef id="perna2" />
          <noderef id="perna3" />
          <noderef id="perna4" />
        </descendants>
      </node>

      <node id="fire_frente">
        
          <material id="null" />
          <texture id="null">
            <amplification afs="1.0" aft="1.0" />
          </texture>
          <transformations>
            <translation x="-0.25" y="0" z="1.5"/>
            <rotation axis="x" angle="-90.0" />
          </transformations>
          <descendants>
            <leaf type="spriteanim" ssid="fire" duration="1" startCell="7" endCell="9" />
           </descendants>
      </node>

      <node id="fire_tras">
        <material id="null" />
        <texture id="null">
          <amplification afs="1.0" aft="1.0" />
        </texture>
        <transformations>
          <translation x="0.25" y="0" z="1.5"/>
          <rotation axis="x" angle="-90.0" />
          <rotation axis="y" angle="180.0" />
        </transformations>
        <descendants>
          <leaf type="spriteanim" ssid="fire" duration="0.5" startCell="7" endCell="9" />
         </descendants>
    </node>

      <node id="perna1">
        <material id="null" />
        <texture id="null">
          <amplification afs="1.0" aft="1.0" />
        </texture>
        <transformations>
          <translation x="1.2" y="0" z="0"/>

        </transformations>
        <descendants>
          <noderef id="fire_frente"/>
          <noderef id="fire_tras"/>
          <leaf type="cylinder" height="1.0" topRadius="0.2" bottomRadius="0.2" stacks="1" slices="6" />
        </descendants>
      </node>

      <node id="perna2">
        <material id="null" />
        <texture id="null">
          <amplification afs="1.0" aft="1.0" />
        </texture>
        <transformations>
          <translation x="1.2" y="1.2" z="0"/>


        </transformations>
        <descendants>
          <noderef id="fire_frente"/>
          <noderef id="fire_tras"/>
          <leaf type="cylinder" height="1.0" topRadius="0.2" bottomRadius="0.2" stacks="1" slices="6" />
        </descendants>
      </node>

      <node id="perna3">
        <material id="null" />
        <texture id="null">
          <amplification afs="1.0" aft="1.0" />
        </texture>
        <transformations>
          <translation x="0" y="1.2" z="0"/>


        </transformations>
        <descendants>
          <noderef id="fire_frente"/>
          <noderef id="fire_tras"/>
          <leaf type="cylinder" height="1.0" topRadius="0.2" bottomRadius="0.2" stacks="1" slices="6" />
        </descendants>
      </node>

      <node id="perna4">
        <material id="null" />
        <texture id="null">
          <amplification afs="1.0" aft="1.0" />
        </texture>
        <transformations>


        </transformations>
        <descendants>
          <noderef id="fire_frente"/>
          <noderef id="fire_tras"/>
          <leaf type="cylinder" height="1" topRadius="0.2" bottomRadius="0.2" stacks="1" slices="6" />
        </descendants>
      </node>



      <!--********
      ************
      ************
        PISCINA
      *************
      **********-->

      <node id="piscina">
        <material id="shiny_material" />
        <texture id="water_texture">
          <amplification afs="10.0" aft="10.0" />
        </texture>
        <transformations>
          <translation x="10.0" y="0.1" z="10.0" />
          <rotation axis="x" angle="-90.0" />
        </transformations>
        <descendants>
          <leaf type="rectangle" x1="-5.0" y1="-5.0" x2="5.0" y2="5.0" />
          <noderef id="boia" />
          <noderef id="bola" />
          <noderef id="prancha" />
        </descendants>
      </node>

      <node id="bola">
        <material id="not_shiny_material" />
        <texture id="bola_texture">
          <amplification afs="1.0" aft="1.0" />
        </texture>
        <transformations>
          <translation x="-2.0" y="-2.0" z="0.0" />
        </transformations>
        <descendants>
          <leaf type="sphere" radius="1" slices="20" stacks="20" />
        </descendants>
      </node>

      <node id="boia">
        <material id="shiny_material" />
        <texture id="bola_texture">
          <amplification afs="1.0" aft="1.0" />
        </texture>
        <transformations>
          <translation x="2.50" y="0.0" z="0.0" />
        </transformations>
        <descendants>
          <leaf type="torus" inner="0.5" outer="1" slices="20" loops="20" />
        </descendants>
      </node>

      <node id="prancha">
        <material id="shiny_material" />
        <texture id="metal_texture">
          <amplification afs="1.0" aft="1.0" />
        </texture>
        <transformations>
          <translation x="0" y="5.0" z="0.3" />
          <rotation axis="z" angle="-90.0" />
        </transformations>
        <descendants>
          <noderef id="prancha_suporte" />
          <leaf type="rectangle" x1="0.0" y1="0.0" x2="3.0" y2="1.0" />
        </descendants>
      </node>

      <node id="prancha_suporte">
        <material id="null" />
        <texture id="null">
          <amplification afs="1.0" aft="1.0" />
        </texture>
        <transformations>
          <translation x="0.0" y="0.5" z="-0.31" />
          <rotation axis="z" angle="-90.0" />
        </transformations>
        <descendants>
          <noderef id="suporte_generico" />
        </descendants>
      </node>


      <!--********
      ************
      ************
        SUPORTE GENÉRICO
      *************
      **********-->

      <node id="suporte_generico">
        <material id="null" />
        <texture id="null">
          <amplification afs="1.0" aft="1.0" />
        </texture>
        <transformations>
        </transformations>
        <descendants>
          <leaf type="cylinder" height="0.3" topRadius="0.3" bottomRadius="0.3" stacks="1" slices="4" />
        </descendants>
      </node>


      <!--****************
      ********************
          CAIXA_CENA
      ********************
      ******************-->
      <node id="caixa_cena">
        <material id="not_shiny_material" />
        <texture id="clear">
          <amplification afs="1.0" aft="1.0" />
        </texture>
        <transformations>
        </transformations>
        <descendants>
          <noderef id="paredes"/>
          <noderef id="chao"/>
          <!--<noderef id="teto"/>-->
        </descendants>
      </node>

      <node id="paredes">
        <material id="not_shiny_material" />
        <texture id="paredes_texture">
          <amplification afs="1.0" aft="1.0" />
        </texture>
        <transformations>
        </transformations>
        <descendants>
          <noderef id="parede_trás" />
          <noderef id="parede_direita" />
          <noderef id="parede_frente" />
          <noderef id="parede_esquerda" />
        </descendants>
      </node>

      <node id="chao">
        <material id="null" />
        <texture id="erva_texture">
          <amplification afs="20.0" aft="20.0" />
        </texture>
        <transformations>
          <translation x="0.0" y="0.0" z="20.0" />
          <rotation axis="x" angle="-90.0" />
        </transformations>
        <descendants>
          <leaf type="rectangle" x1="0.0" y1="0.0" x2="20.0" y2="20.0" />
        </descendants>
      </node>

      <node id="parede_trás">
        <material id="null" />
        <texture id="paredes_texture">
          <amplification afs="1.0" aft="1.0" />
        </texture>
        <transformations>
          <translation x="0.0" y="0.0" z="-0.001" />
        </transformations>
        <descendants>
          <leaf type="rectangle" x1="0.0" y1="0.0" x2="20.0" y2="5.0" />
        </descendants>
      </node>

      <node id="parede_direita">
        <material id="null" />
        <texture id="paredes_texture">
          <amplification afs="1.0" aft="1.0" />
        </texture>
        <transformations>
          <translation x="20.0" y="0.0" z="0.0" />
          <rotation axis="y" angle="-90.0" />
        </transformations>
        <descendants>
          <leaf type="rectangle" x1="0.0" y1="0.0" x2="20.0" y2="5.0" />
        </descendants>
      </node>

      <node id="parede_esquerda">
        <material id="null" />
        <texture id="paredes_texture">
          <amplification afs="1.0" aft="1.0" />
        </texture>
        <transformations>
          <translation x="0.0" y="0.0" z="20.0" />
          <rotation axis="y" angle="90.0" />
        </transformations>
        <descendants>
          <leaf type="rectangle" x1="0.0" y1="0.0" x2="20.0" y2="5.0" />
        </descendants>
      </node>

      <node id="parede_frente">
        <material id="null" />
        <texture id="paredes_texture">
          <amplification afs="1.0" aft="1.0" />
        </texture>
        <transformations>
          <translation x="20.0" y="0.0" z="20.0" />
          <rotation axis="y" angle="180.0" />
        </transformations>
        <descendants>
          <leaf type="rectangle" x1="0.0" y1="0.0" x2="20.0" y2="5.0" />
        </descendants>
      </node>

      <!--****************
      *******************
        CHUVEIRO
      ********************
      ******************-->

      <node id="chuveiro">
        <material id="shiny_material" />
        <texture id="metal_texture">
          <amplification afs="1.0" aft="1.0" />
        </texture>
        <transformations>
          <translation x="3" y="1.5" z="8.75" />
        </transformations>
        <descendants>
          <noderef id="chuveiro_cabeca" />
          <noderef id="chuveiro_pe" />
        </descendants>
      </node>

      <node id="chuveiro_cabeca">
        <material id="null" />
        <texture id="clear">
          <amplification afs="1.0" aft="1.0" />
        </texture>
        <transformations>
          <translation x="0.2" y="1.4999" z="0.0" />
          <rotation axis="x" angle="90" />
        </transformations>
        <descendants>
          <noderef id="suporte_generico" />
        </descendants>
      </node>

      <node id="chuveiro_pe">
        <material id="null" />
        <texture id="null">
          <amplification afs="1.0" aft="1.0" />
        </texture>
        <transformations>
          <translation x="0" y="1.5" z="0"/>
          <rotation axis="x" angle="90" />
        </transformations>
        <descendants>
          <leaf type="cylinder" height="3" topRadius="0.2" bottomRadius="0.2" stacks="1" slices="8" />
        </descendants>
      </node>
    </nodes>

</lsf>
